PLAYER,TEAM,AGE,HEIGHT,WEIGHT,COLLEGE,COUNTRY,DRAFT YEAR,DRAFT ROUND,DRAFT NUMBER,GP,PTS,REB,AST,NETRTG,OREB%,DREB%,USG%,TS%,AST%
Aaron McKie,PHI,32,5-Jun,209,Temple,USA,1994,1,17,68,2.2,2.5,1.5,1.1,1.70%,13.50%,6.80%,51.00%,13.50%
Aaron Williams,TOR,33,9-Jun,235,Xavier,USA,Undrafted,Undrafted,Undrafted,42,1.7,1.4,0.2,-20.2,5.50%,15.20%,12.60%,51.80%,4.90%
Adonal Foyle,GSW,30,10-Jun,270,Colgate,St. Vincent &...,1997,1,8,78,4.5,5.5,0.7,-0.4,9.30%,15.20%,10.30%,51.40%,4.80%
Adrian Griffin,CHI,30,5-Jun,230,Seton Hall,USA,Undrafted,Undrafted,Undrafted,69,2.2,2.1,0.8,3.2,7.20%,13.80%,13.50%,41.90%,13.40%
Al Harrington,ATL,25,9-Jun,250,None,USA,1998,1,25,66,17.5,7,3.2,-10.2,5.70%,13.90%,23.50%,50.80%,14.80%
Al Jefferson,BOS,20,10-Jun,265,None,USA,2004,1,15,71,6.7,4.4,0.3,-1.4,12.00%,17.80%,20.40%,55.40%,4.20%
Alan Henderson,DAL,32,9-Jun,240,Indiana,USA,1995,1,16,78,3.5,4.5,0.3,-6.7,13.30%,14.90%,10.90%,53.90%,2.90%
Aleksandar Radojevic,UTA,28,3-Jul,250,Barton Community College,USA,1999,1,12,12,1.6,2.3,0.5,-5.2,7.50%,17.10%,13.60%,40.60%,7.00%
Alex Garcia,NOH,25,3-Jun,195,None,USA,Undrafted,Undrafted,Undrafted,8,5.5,1.9,2.3,-12.5,4.80%,6.90%,19.50%,40.90%,22.80%
Allan Houston,NYK,34,6-Jun,205,Tennessee,USA,1993,1,11,20,11.9,1.2,2.1,2,0.80%,3.90%,20.60%,52.90%,12.70%
Allen Iverson,PHI,30,Jun-00,165,Georgetown,USA,1996,1,1,75,30.7,4,7.9,0.3,1.60%,7.90%,34.30%,53.20%,36.10%
Alonzo Mourning,MIA,35,10-Jun,261,Georgetown,USA,1992,1,2,37,7.6,5.4,0.5,-2.7,8.20%,20.00%,21.80%,51.50%,5.20%
Amar'e Stoudemire,PHX,22,10-Jun,245,None,USA,2002,1,9,80,26,8.9,1.6,10.6,7.90%,15.70%,28.10%,61.70%,7.50%
Anderson Varejao,CLE,22,10-Jun,230,None,Brazil,2004,2,30,54,4.9,4.8,0.5,5.9,12.00%,18.00%,13.90%,53.40%,5.00%
Andre Barrett,ORL,23,10-May,173,Seton Hall,,Undrafted,Undrafted,Undrafted,38,3.1,1.1,1.8,1.9,2.30%,6.00%,14.40%,44.60%,22.70%
Andre Emmett,MEM,22,5-Jun,230,Texas Tech,,2004,2,35,8,0.9,0.3,0,-11.9,0.00%,7.40%,15.80%,42.70%,0.00%
Andre Iguodala,PHI,21,6-Jun,207,Arizona,USA,2004,1,9,82,9,5.7,3,-0.2,3.30%,14.10%,12.60%,58.00%,13.90%
Andre Miller,DEN,29,2-Jun,200,Utah,USA,1999,1,8,82,13.6,4.1,6.9,3.3,3.70%,8.40%,19.30%,54.10%,31.50%
Andrei Kirilenko,UTA,24,9-Jun,205,None,Russia,1999,1,24,41,15.6,6.2,3.2,3.7,7.40%,13.20%,21.40%,59.90%,17.80%
Andres Nocioni,CHI,25,7-Jun,225,None,Argentina,Undrafted,Undrafted,Undrafted,81,8.4,4.8,1.5,-3.9,3.60%,16.60%,19.30%,48.40%,11.10%
Andrew DeClercq,ORL,32,10-Jun,255,Florida,USA,1995,2,34,8,1.1,1.3,0,-11.4,12.10%,7.00%,9.30%,43.60%,0.00%
Andris Biedrins,GSW,19,11-Jun,240,None,Latvia,2004,1,11,30,3.6,3.9,0.4,7.7,11.60%,17.30%,12.20%,57.00%,4.70%
Anfernee Hardaway,NYK,33,7-Jun,215,Memphis,USA,1993,1,3,37,7.3,2.4,2,-4.5,2.20%,8.60%,16.40%,48.00%,14.10%
Ansu Sesay,GSW,28,9-Jun,225,Mississippi,USA,1998,2,30,16,3.1,2.4,0.8,-6.1,12.30%,14.70%,19.60%,46.60%,17.90%
Antawn Jamison,WAS,29,9-Jun,230,North Carolina,USA,1998,1,4,68,19.6,7.6,2.3,1.8,5.80%,13.80%,23.30%,50.60%,10.10%
Anthony Carter,MIN,30,2-Jun,195,Hawaii,USA,Undrafted,Undrafted,Undrafted,66,2.7,1,2.4,0.8,1.80%,7.90%,16.30%,45.40%,35.50%
Anthony Goldwire,MIL,33,2-Jun,182,Houston,USA,1994,2,52,33,5.2,1.8,2.4,-6.6,2.00%,9.60%,14.30%,57.50%,25.20%
Anthony Johnson,IND,30,3-Jun,190,College of Charleston,USA,1997,2,39,63,8.4,2.8,4.8,1.1,2.00%,8.60%,16.30%,52.60%,30.90%
Anthony Miller,ATL,33,9-Jun,255,Michigan State,USA,1994,2,39,2,2,0.5,0.5,10.4,0.00%,11.10%,12.90%,66.70%,25.00%
Anthony Peeler,WAS,35,4-Jun,208,Missouri,USA,1992,1,15,40,3.8,1.6,1.4,-9.9,2.40%,10.30%,15.20%,48.40%,18.00%
Antoine Walker,BOS,28,9-Jun,245,Kentucky,USA,1996,1,6,77,19.1,9,3.4,-9.3,6.10%,18.80%,26.70%,47.80%,16.30%
Antonio Burks,MEM,25,Jun-00,195,Memphis,USA,2004,2,36,24,3,0.5,1.2,-5.6,0.50%,5.70%,17.60%,53.40%,25.20%
Antonio Daniels,SEA,30,4-Jun,205,Bowling Green,USA,1997,1,4,75,11.2,2.3,4.1,4.8,1.00%,7.70%,18.50%,55.70%,26.10%
Antonio Davis,CHI,36,9-Jun,245,Texas-El Paso,USA,1990,2,45,72,7,5.9,1.1,0.8,8.10%,14.80%,14.20%,51.60%,7.10%
Antonio McDyess,DET,30,9-Jun,245,Alabama,USA,1995,1,2,77,9.6,6.3,0.9,0.8,10.20%,18.10%,19.70%,54.20%,7.30%
Austin Croshere,IND,30,10-Jun,242,Providence,USA,1997,1,12,73,8.9,5.1,1.3,-4.6,6.00%,16.20%,17.90%,53.10%,9.90%
Awvee Storey,NJN,28,6-Jun,225,Arizona State,USA,Undrafted,Undrafted,Undrafted,9,0.9,0.6,0.1,-19.5,12.10%,3.20%,16.70%,36.80%,7.10%
Baron Davis,GSW,26,3-Jun,223,UCLA,USA,1999,1,3,46,19.2,3.8,7.9,2.1,1.90%,9.00%,27.30%,51.50%,39.10%
Ben Gordon,CHI,22,3-Jun,200,Connecticut,USA,2004,1,3,82,15.1,2.6,2,4.4,2.70%,7.40%,29.20%,52.60%,16.50%
Ben Handlogten,UTA,31,10-Jun,240,Western Michigan,USA,Undrafted,Undrafted,Undrafted,21,4.5,3.1,0.6,-8,9.10%,17.90%,16.70%,52.50%,7.50%
Ben Wallace,DET,30,9-Jun,240,Virginia Union,USA,Undrafted,Undrafted,Undrafted,74,9.7,12.2,1.7,7,11.10%,22.70%,14.90%,45.90%,7.50%
Beno Udrih,SAS,22,3-Jun,200,None,Slovenia,2004,1,28,80,5.9,1,1.9,4.6,1.40%,5.80%,19.60%,54.90%,23.30%
Bernard Robinson,CHA,24,6-Jun,210,Michigan,USA,2004,2,45,31,3,1.5,1,-14.5,3.90%,10.20%,14.10%,50.30%,16.90%
Billy Thomas,NJN,29,5-Jun,218,Kansas,USA,Undrafted,Undrafted,Undrafted,25,3.7,1.4,0.7,-1.6,2.10%,8.80%,13.90%,47.00%,7.80%
Bo Outlaw,PHX,34,8-Jun,220,Houston,USA,Undrafted,Undrafted,Undrafted,39,0.7,1.4,0.3,-9.1,7.00%,15.90%,8.90%,38.20%,9.80%
Bob Sura,HOU,32,5-Jun,200,Florida State,USA,1995,1,17,61,10.3,5.5,5.2,4.4,4.30%,13.70%,17.30%,53.30%,26.60%
Bobby Jackson,SAC,32,1-Jun,185,Minnesota,USA,1997,1,23,25,12,3.4,2.4,3.7,4.00%,10.80%,24.40%,53.70%,19.50%
Bobby Simmons,LAC,25,6-Jun,228,DePaul,USA,2001,2,41,75,16.4,5.9,2.7,1.7,4.90%,11.60%,20.40%,54.00%,12.60%
Bonzi Wells,MEM,28,5-Jun,210,Ball State,USA,1998,1,11,69,10.4,3.3,1.2,-1.2,3.50%,13.10%,24.40%,51.50%,10.60%
Boris Diaw,ATL,23,8-Jun,215,None,France,2003,1,21,66,4.8,2.6,2.3,-7.2,4.40%,10.50%,15.20%,47.90%,20.20%
PLAYER,TEAM,AGE,HEIGHT,WEIGHT,COLLEGE,COUNTRY,DRAFT YEAR,DRAFT ROUND,DRAFT NUMBER,GP,PTS,REB,AST,NETRTG,OREB%,DREB%,USG%,TS%,AST%
Bostjan Nachbar,NOH,24,9-Jun,221,None,Slovenia,2002,1,15,71,7,2.6,1,-6.3,1.80%,12.60%,18.30%,53.40%,10.20%
Brad Miller,SAC,29,Jul-00,261,Purdue,USA,Undrafted,Undrafted,Undrafted,56,15.6,9.3,3.9,5.1,6.80%,17.70%,17.20%,59.60%,16.00%
Brandin Knight,HOU,23,Jun-00,180,Pittsburgh,USA,Undrafted,Undrafted,Undrafted,1,0,0,1,16.7,0.00%,0.00%,12.50%,0.00%,33.30%
Brandon Hunter,ORL,24,7-Jun,266,Ohio,USA,2003,2,56,31,3.1,2.2,0.1,-3.9,10.80%,18.30%,20.50%,52.70%,2.30%
Brendan Haywood,WAS,25,Jul-00,266,North Carolina,USA,2001,1,20,68,9.4,6.8,0.8,5.6,10.50%,13.50%,14.60%,58.80%,4.70%
Brent Barry,SAS,33,7-Jun,210,Oregon State,USA,1995,1,15,81,7.4,2.3,2.2,6.4,1.70%,9.50%,14.70%,58.00%,16.80%
Brevin Knight,CHA,29,10-May,170,Stanford,USA,1997,1,16,66,10.1,2.6,9,-3.2,1.00%,8.20%,17.90%,49.50%,46.20%
Brian Cardinal,MEM,28,8-Jun,245,Purdue,USA,2000,2,44,58,9,3.9,2,4.8,4.80%,11.90%,19.30%,51.00%,13.50%
Brian Cook,LAL,24,9-Jun,234,Illinois,USA,2003,1,24,72,6.4,3,0.5,3.6,5.70%,14.00%,19.00%,52.20%,5.60%
Brian Grant,LAL,33,9-Jun,254,Xavier,USA,1994,1,8,69,3.8,3.7,0.5,-5.1,8.80%,13.30%,11.20%,53.90%,4.80%
Brian Scalabrine,NJN,27,9-Jun,235,Southern California,USA,2001,2,34,54,6.3,4.5,1.6,1.8,7.20%,14.90%,16.50%,46.80%,13.20%
Brian Skinner,SAC,29,9-Jun,265,Baylor,USA,1998,1,22,49,4.8,5.7,0.9,-5.4,10.70%,19.10%,12.60%,49.40%,6.70%
Britton Johnsen,IND,25,10-Jun,210,Utah,USA,Undrafted,Undrafted,Undrafted,6,2,1.7,0.7,-19.1,5.60%,7.50%,14.00%,27.30%,8.70%
Bruce Bowen,SAS,34,7-Jun,200,Cal State-Fullerton,USA,Undrafted,Undrafted,Undrafted,82,8.2,3.5,1.5,8.2,2.00%,9.20%,12.50%,52.10%,7.50%
Bruno Sundov,NYK,25,2-Jul,260,None,Croatia,1998,2,35,21,1.2,0.6,0.1,-11.5,7.60%,10.30%,25.30%,33.00%,6.30%
Bryon Russell,DEN,34,7-Jun,225,Long Beach State,USA,1993,2,45,70,4.4,2.5,1,0.9,4.60%,12.30%,13.60%,53.70%,11.50%
Calbert Cheaney,GSW,33,7-Jun,217,Indiana,USA,1993,1,6,55,4.5,2.3,1.2,-3.1,3.10%,9.80%,14.60%,44.40%,11.60%
Calvin Booth,MIL,29,11-Jun,231,Penn State,USA,1999,2,35,51,2.4,2.1,0.2,-6.1,6.30%,16.50%,13.30%,50.80%,3.00%
Carlos Arroyo,DET,25,2-Jun,202,Florida International,Puerto Rico,Undrafted,Undrafted,Undrafted,70,6.6,1.5,4,-6.8,1.80%,5.90%,18.60%,46.60%,33.20%
Carlos Boozer,UTA,23,8-Jun,258,Duke,USA,2002,2,34,51,17.8,9,2.8,-2.3,8.70%,19.80%,24.10%,56.00%,14.70%
Carlos Delfino,DET,22,6-Jun,230,None,Argentina,2003,1,25,30,3.9,1.8,1.3,-3,3.00%,10.00%,15.70%,43.10%,13.80%
Carmelo Anthony,DEN,21,8-Jun,220,Syracuse,USA,2003,1,3,75,20.8,5.7,2.6,3.3,5.70%,10.90%,28.50%,52.60%,12.90%
Caron Butler,LAL,25,7-Jun,217,Connecticut,USA,2002,1,10,77,15.5,5.8,1.9,-4.1,5.30%,10.90%,20.40%,52.80%,9.10%
Casey Jacobsen,NOH,24,6-Jun,215,Stanford,USA,2002,1,22,84,6.5,2,1.3,0.2,2.00%,7.20%,14.00%,55.50%,10.20%
Charlie Ward,HOU,34,2-Jun,185,Florida State,USA,1994,1,26,14,5.4,2.8,3.1,1,1.70%,9.30%,13.20%,45.30%,18.90%
Chauncey Billups,DET,28,3-Jun,202,Colorado,USA,1997,1,3,80,16.5,3.4,5.8,6.6,1.80%,7.80%,20.20%,60.90%,27.70%
Chris Andersen,NOH,26,10-Jun,228,Blinn,USA,Undrafted,Undrafted,Undrafted,67,7.7,6.1,1.1,-1.4,10.20%,19.60%,16.40%,58.10%,9.30%
Chris Bosh,TOR,21,10-Jun,235,Georgia Tech,USA,2003,1,4,81,16.8,8.9,1.9,-0.3,6.60%,18.10%,21.60%,54.70%,8.60%
Chris Duhon,CHI,22,1-Jun,185,Duke,USA,2004,2,38,82,5.9,2.6,4.9,3.4,1.00%,8.80%,12.80%,47.10%,28.00%
Chris Kaman,LAC,23,Jul-00,265,Central Michigan,USA,2003,1,6,63,9.1,6.7,1.2,-4,8.80%,18.50%,18.30%,52.20%,7.70%
Chris Mihm,LAL,25,Jul-00,265,Texas,USA,2000,1,7,75,9.8,6.7,0.7,-4,10.70%,15.90%,18.60%,55.20%,4.60%
Chris Webber,PHI,32,10-Jun,245,Michigan,USA,1993,1,1,67,19.5,9.1,4.7,1.1,5.60%,19.90%,29.10%,47.20%,23.10%
Chris Wilcox,LAC,22,10-Jun,235,Maryland,USA,2002,1,8,54,7.9,4.2,0.7,-1.7,6.90%,16.60%,21.10%,54.30%,6.80%
Christian Laettner,MIA,35,11-Jun,245,Duke,USA,1992,1,3,49,5.3,2.7,0.8,10.7,5.30%,11.90%,14.70%,61.90%,9.10%
Chucky Atkins,LAL,30,11-May,160,South Florida,USA,Undrafted,Undrafted,Undrafted,82,13.6,2.4,4.4,-2.5,1.10%,5.50%,17.60%,55.80%,20.10%
Clar. Weatherspoon,HOU,34,7-Jun,270,Southern Mississippi,USA,1992,1,9,40,3.1,3.1,0.4,5.3,7.60%,16.50%,13.10%,47.50%,5.10%
Clifford Robinson,NJN,38,10-Jun,240,Connecticut,USA,1989,2,36,71,7.5,2.9,1.5,-7.9,2.90%,9.90%,16.60%,47.10%,10.20%
Corey Maggette,LAC,25,6-Jun,225,Duke,USA,1999,1,13,66,22.2,6,3.4,0.1,3.10%,13.50%,27.10%,57.40%,16.70%
Corliss Williamson,SAC,31,7-Jun,245,Arkansas,USA,1995,1,13,72,10.3,3.6,1.1,-0.7,6.60%,10.20%,21.80%,53.60%,9.00%
Corsley Edwards,NOH,26,9-Jun,275,Central Connecticut State,,2002,2,57,10,2.7,2.5,0.3,-13.6,10.30%,13.00%,16.30%,37.20%,5.70%
Cory Alexander,CHA,32,1-Jun,190,Virginia,USA,1995,1,29,16,3.1,1.8,2.3,-15.7,3.50%,10.70%,15.50%,45.10%,31.90%
Curtis Borchardt,UTA,24,Jul-00,242,Stanford,USA,2002,1,18,67,3,3.3,0.7,-6.3,10.10%,18.70%,13.50%,49.20%,9.60%
Cuttino Mobley,SAC,29,4-Jun,215,Rhode Island,USA,1998,2,41,66,17.2,3.5,2.8,0,1.90%,7.60%,21.10%,55.50%,12.20%
DJ Mbenga,DAL,24,Jul-00,245,None,,Undrafted,Undrafted,Undrafted,15,1,0.5,0,-31.9,4.30%,8.90%,15.20%,47.60%,0.00%
Dahntay Jones,MEM,24,6-Jun,210,Duke,USA,2003,1,20,52,4.5,1.3,0.4,0.2,1.80%,9.20%,17.40%,53.40%,5.90%
Dajuan Wagner,CLE,22,2-Jun,200,Memphis,USA,2002,1,6,11,4,0.2,1.2,-1.9,0.00%,2.40%,28.90%,38.80%,22.00%
Dale Davis,IND,36,11-Jun,252,Clemson,USA,1991,1,13,61,4.7,6.1,0.8,2.6,11.70%,17.20%,11.30%,51.20%,5.70%
Damien Wilkins,SEA,25,6-Jun,225,Georgia,USA,Undrafted,Undrafted,Undrafted,29,6.3,2.3,0.9,-7,5.70%,8.30%,17.60%,50.00%,9.10%
Damon Jones,MIA,28,3-Jun,185,Houston,USA,Undrafted,Undrafted,Undrafted,82,11.6,2.8,4.3,8.2,0.60%,8.20%,15.00%,62.50%,20.10%
Damon Stoudamire,POR,31,10-May,174,Arizona,USA,1995,1,7,81,15.8,3.8,5.7,-3.9,2.10%,9.10%,22.90%,51.00%,28.30%
PLAYER,TEAM,AGE,HEIGHT,WEIGHT,COLLEGE,COUNTRY,DRAFT YEAR,DRAFT ROUND,DRAFT NUMBER,GP,PTS,REB,AST,NETRTG,OREB%,DREB%,USG%,TS%,AST%
Damone Brown,WAS,26,8-Jun,202,Syracuse,USA,2001,2,36,14,3.9,2,1,-2.6,5.70%,11.60%,21.70%,40.90%,16.10%
Dan Dickau,NOH,26,Jun-00,190,Gonzaga,USA,2002,1,28,71,12.5,2.5,4.9,-7.8,1.60%,7.50%,21.80%,51.80%,30.90%
Dan Gadzuric,MIL,27,11-Jun,240,UCLA,Netherlands,2002,2,33,81,7.3,8.3,0.4,-0.9,14.70%,23.80%,15.40%,55.10%,2.60%
Daniel Santiago,MIL,29,1-Jul,256,Saint Vincent,Puerto Rico,Undrafted,Undrafted,Undrafted,11,2,1.7,0.1,-18.2,6.10%,14.90%,13.10%,42.60%,1.60%
Danny Fortson,SEA,29,8-Jun,260,Cincinnati,USA,1997,1,10,62,7.5,5.6,0.1,5.9,16.00%,19.00%,18.60%,68.20%,1.30%
Darius Miles,POR,23,9-Jun,210,None,USA,2000,1,3,63,12.8,4.7,2,-2,4.50%,12.70%,25.20%,51.10%,14.30%
Darius Songaila,SAC,27,8-Jun,240,Wake Forest,Lithuania,2002,2,49,81,7.5,4.2,1.4,4.7,7.50%,13.30%,16.00%,56.60%,10.60%
Darko Milicic,DET,20,Jul-00,245,None,Serbia,2003,1,2,37,1.8,1.2,0.2,0.6,1.30%,14.70%,18.60%,38.70%,5.00%
Darrell Armstrong,DAL,37,1-Jun,180,Fayetteville State,USA,Undrafted,Undrafted,Undrafted,66,4,1.7,2.7,-2.5,3.40%,8.30%,16.40%,43.00%,29.50%
Darrick Martin,LAC,34,11-May,170,UCLA,,Undrafted,Undrafted,Undrafted,11,3.8,0.9,2.5,3.7,1.60%,3.70%,14.70%,39.20%,23.50%
Darvin Ham,DET,31,7-Jun,240,Texas Tech,USA,Undrafted,Undrafted,Undrafted,47,1,0.7,0.1,-14.8,7.90%,6.80%,9.60%,45.40%,3.50%
David Harrison,IND,22,Jul-00,280,Colorado,USA,2004,1,29,43,6.1,3.1,0.3,0.6,7.40%,11.90%,17.40%,58.90%,3.20%
David Wesley,HOU,34,1-Jun,203,Baylor,USA,Undrafted,Undrafted,Undrafted,80,11.9,2.9,3.3,0,1.40%,7.10%,16.80%,51.30%,15.90%
David West,NOH,24,8-Jun,226,Xavier,USA,2003,1,18,30,6.2,4.3,0.8,-20.4,6.70%,17.90%,19.10%,47.90%,8.50%
DeSagana Diop,CLE,23,Jul-00,280,None,Senegal,2001,1,8,39,1,1.8,0.4,-5.1,9.10%,13.50%,12.00%,28.10%,8.40%
DeShawn Stevenson,ORL,24,5-Jun,210,None,USA,2000,1,23,55,7.8,1.9,1.3,-6.8,3.40%,6.00%,20.40%,45.60%,10.50%
Delonte West,BOS,21,4-Jun,180,Saint Joseph's,,2004,1,24,39,4.5,1.7,1.4,0.5,3.00%,9.70%,16.50%,52.40%,17.30%
DerMarr Johnson,DEN,25,9-Jun,201,Cincinnati,USA,2000,1,6,71,7.1,2.1,1.1,6.2,3.70%,8.40%,17.00%,60.50%,9.60%
Derek Anderson,POR,30,5-Jun,195,Kentucky,USA,1997,1,13,47,9.2,2.7,3,-4.6,2.00%,8.40%,18.10%,50.30%,19.40%
Derek Fisher,GSW,30,1-Jun,200,Arkansas-Little Rock,USA,1996,1,24,74,11.9,2.9,4.1,-1.2,1.60%,7.90%,18.80%,51.90%,22.20%
Derrick Coleman,DET,38,10-Jun,270,Syracuse,USA,1990,1,1,5,1.8,3,0,-21.9,6.00%,27.30%,15.00%,29.40%,0.00%
Desmond Mason,MIL,27,5-Jun,222,Oklahoma State,USA,2000,1,17,80,17.2,3.9,2.7,-3.4,3.00%,8.10%,22.80%,52.60%,12.70%
Devean George,LAL,27,8-Jun,240,Augsburg,USA,1999,1,23,15,7.3,3.5,0.9,-11.1,4.00%,14.80%,17.60%,48.80%,7.80%
Devin Brown,SAS,26,5-Jun,220,Texas-San Antonio,USA,Undrafted,Undrafted,Undrafted,67,7.4,2.6,1.4,0.5,3.00%,11.70%,18.50%,53.00%,12.70%
Devin Harris,DAL,22,3-Jun,185,Wisconsin,USA,2004,1,5,76,5.7,1.3,2.2,-1.7,2.40%,6.30%,17.90%,53.00%,22.90%
Dikembe Mutombo,HOU,39,2-Jul,265,Georgetown,Congo,1991,1,4,80,4,5.3,0.1,9.1,12.60%,21.60%,12.40%,57.50%,1.40%
Dion Glover,SAS,26,5-Jun,225,Georgia Tech,USA,1999,1,20,7,3.6,1.6,0.6,4.8,3.50%,13.30%,17.60%,47.30%,11.10%
Dirk Nowitzki,DAL,27,Jul-00,245,None,Germany,1998,1,9,78,26.1,9.7,3.1,9.7,3.30%,21.10%,28.30%,57.80%,13.80%
Donnell Harvey,NJN,24,8-Jun,220,Florida,USA,2000,1,22,3,2.7,2.3,0.3,9,20.00%,41.70%,13.90%,106.40%,12.50%
Donta Smith,ATL,21,7-Jun,215,Southeastern Illinois,USA,2004,2,34,38,3.3,1.4,1,-5.6,4.20%,8.30%,15.60%,47.30%,14.10%
Donyell Marshall,TOR,32,9-Jun,230,Connecticut,USA,1994,1,4,65,11.5,6.6,1.2,1.1,5.80%,19.90%,18.40%,59.10%,8.30%
Dorell Wright,MIA,19,7-Jun,210,None,USA,2004,1,19,3,2.3,0.3,1,-12.1,0.00%,3.10%,22.20%,30.60%,17.60%
Doug Christie,ORL,35,6-Jun,205,Pepperdine,USA,1992,1,17,52,6.6,3.4,3.8,2,2.60%,8.50%,13.50%,47.10%,19.20%
Drew Gooden,CLE,23,10-Jun,242,Kansas,USA,2002,1,4,82,14.4,9.2,1.6,2.9,8.40%,22.90%,21.40%,54.80%,8.80%
Dwight Howard,ORL,19,11-Jun,250,None,USA,2004,1,1,82,12,10,0.9,-2.8,11.10%,19.90%,16.60%,57.10%,4.30%
Dwyane Wade,MIA,23,4-Jun,212,Marquette,USA,2003,1,5,77,24.1,5.2,6.8,6.8,4.00%,9.50%,30.20%,56.10%,30.30%
Earl Boykins,DEN,29,5-May,133,Eastern Michigan,USA,Undrafted,Undrafted,Undrafted,82,12.4,1.7,4.5,1.9,1.70%,5.00%,21.30%,53.00%,29.30%
Earl Watson,MEM,26,1-Jun,190,UCLA,USA,2001,2,39,80,7.7,2.1,4.5,4.8,2.10%,7.40%,19.80%,50.00%,35.30%
Eddie Gill,IND,26,Jun-00,190,Weber State,USA,Undrafted,Undrafted,Undrafted,73,3.7,1.5,1.1,-5.9,1.70%,10.10%,15.50%,48.40%,16.10%
Eddie Griffin,MIN,23,10-Jun,240,Seton Hall,USA,2001,1,7,70,7.5,6.5,0.8,5.4,9.00%,20.30%,18.50%,47.40%,5.70%
Eddie House,SAC,27,1-Jun,175,Arizona State,USA,2000,2,37,68,5.8,1.2,1.4,-3.7,1.80%,8.30%,20.30%,52.50%,18.00%
Eddie Jones,MIA,33,6-Jun,200,Temple,USA,1994,1,10,80,12.7,5.1,2.7,8.9,1.50%,12.60%,16.10%,55.60%,11.20%
Eddy Curry,CHI,22,11-Jun,285,None,USA,2001,1,4,63,16.1,5.4,0.6,-0.7,6.90%,11.80%,25.70%,58.30%,4.10%
Eduardo Najera,DEN,28,8-Jun,235,Oklahoma,Mexico,2000,2,38,68,5.2,3.6,1,1.4,8.20%,12.00%,15.10%,48.90%,8.40%
Elden Campbell,DET,36,Jul-00,279,Clemson,USA,1990,1,27,40,3,2.3,0.5,-3.8,8.00%,17.60%,20.80%,40.80%,8.90%
Elton Brand,LAC,26,8-Jun,272,Duke,USA,1999,1,1,81,20,9.5,2.6,3.2,10.70%,16.20%,24.70%,55.40%,12.80%
Emeka Okafor,CHA,22,10-Jun,252,Connecticut,USA,2004,1,2,73,15.1,10.9,0.9,-6.8,10.10%,21.50%,21.40%,47.90%,4.20%
Eric Piatkowski,CHI,34,7-Jun,215,Nebraska,USA,1994,1,15,68,4.8,1.2,0.8,0.2,1.70%,7.20%,15.90%,57.30%,9.90%
Eric Snow,CLE,32,3-Jun,205,Michigan State,USA,1995,2,43,81,4,1.9,3.9,3.8,2.00%,6.70%,11.00%,44.50%,25.80%
Eric Williams,TOR,32,8-Jun,220,Providence,USA,1995,1,14,55,7.7,3.1,1.7,-2.9,3.50%,9.90%,16.00%,52.90%,12.00%
PLAYER,TEAM,AGE,HEIGHT,WEIGHT,COLLEGE,COUNTRY,DRAFT YEAR,DRAFT ROUND,DRAFT NUMBER,GP,PTS,REB,AST,NETRTG,OREB%,DREB%,USG%,TS%,AST%
Erick Dampier,DAL,29,11-Jun,265,Mississippi State,USA,1996,1,10,59,9.2,8.5,0.9,9.9,12.10%,19.40%,15.80%,58.00%,4.80%
Erick Strickland,MIL,31,3-Jun,218,Nebraska,USA,Undrafted,Undrafted,Undrafted,62,4.9,1.7,1.9,-4.5,1.10%,9.60%,17.80%,45.30%,19.30%
Erik Daniels,SAC,23,8-Jun,214,Kentucky,USA,Undrafted,Undrafted,Undrafted,21,0.6,0.9,0.2,-21.9,8.00%,14.30%,13.00%,36.10%,11.80%
Ervin Johnson,MIN,37,11-Jun,245,New Orleans,USA,1993,1,23,46,1.6,2.5,0.1,-7.9,10.50%,17.40%,9.60%,56.20%,2.20%
Etan Thomas,WAS,27,10-Jun,260,Syracuse,USA,2000,1,12,47,7.1,5.2,0.4,-5.5,8.20%,17.60%,16.30%,52.10%,3.40%
Flip Murray,SEA,25,3-Jun,197,Shaw,USA,2002,2,41,49,7,2,1.3,-8,1.70%,10.00%,23.80%,43.30%,13.90%
Francisco Elson,DEN,29,Jul-00,235,California,Netherlands,1999,2,41,67,3.7,3,0.5,0.4,6.50%,16.10%,13.50%,49.40%,5.50%
Frank Williams,CHI,25,3-Jun,212,Illinois,USA,2002,1,25,9,0.7,0.7,1.2,-15.5,2.30%,4.90%,14.60%,15.00%,28.90%
Fred Hoiberg,MIN,32,5-Jun,210,Iowa State,USA,1995,2,52,76,5.8,2.4,1.1,6.2,2.80%,11.40%,12.30%,66.40%,10.20%
Fred Jones,IND,26,2-Jun,218,Oregon,USA,2002,1,14,77,10.6,3.1,2.5,-3.5,1.60%,9.90%,17.60%,55.10%,16.60%
Gary Payton,BOS,36,4-Jun,180,Oregon State,USA,1990,1,2,77,11.3,3.1,6.1,1,2.00%,7.50%,16.80%,53.70%,27.90%
Geno Carlisle,POR,28,3-Jun,200,California,USA,Undrafted,Undrafted,Undrafted,6,1.3,0.2,0.2,-20,7.10%,0.00%,15.00%,70.90%,11.10%
George Lynch,NOH,34,8-Jun,235,North Carolina,USA,1993,1,12,44,3.7,4,2,-6.2,6.00%,14.20%,12.70%,41.20%,16.00%
Gerald Wallace,CHA,22,7-Jun,215,Alabama,USA,2001,1,25,70,11.1,5.5,2,-3.9,5.30%,13.40%,18.60%,51.00%,10.20%
Gilbert Arenas,WAS,23,3-Jun,191,Arizona,USA,2001,2,30,80,25.5,4.7,5.1,1.2,2.40%,9.00%,26.50%,56.50%,22.40%
Glenn Robinson,SAS,32,7-Jun,240,Purdue,USA,1994,1,1,9,10,2.7,0.9,-7.7,2.40%,12.30%,26.20%,51.70%,10.50%
Gordan Giricek,UTA,28,5-Jun,210,None,Croatia,1999,2,40,81,8.8,2.2,1.7,-1.7,1.60%,10.50%,21.10%,51.60%,15.00%
Grant Hill,ORL,32,8-Jun,225,Duke,USA,1994,1,3,67,19.7,4.7,3.3,-0.2,3.40%,10.10%,24.10%,56.50%,16.50%
Greg Buckner,DEN,28,4-Jun,210,Clemson,USA,1998,2,53,70,6.2,3,1.9,1.5,4.50%,9.60%,11.00%,63.80%,12.70%
Greg Ostertag,SAC,32,2-Jul,280,Kansas,USA,1995,1,28,56,1.6,3,0.7,6.7,9.10%,18.70%,9.50%,43.20%,9.40%
Ha Ha,POR,19,3-Jul,305,Yonsei (KOR),South Korea,2004,2,46,19,1.4,0.9,0.1,-3,6.50%,10.50%,16.80%,46.70%,3.00%
Hedo Turkoglu,ORL,26,10-Jun,220,None,Turkey,2000,1,16,67,14,3.5,2.3,-1.3,3.40%,9.50%,24.00%,53.20%,15.30%
Horace Jenkins,DET,30,1-Jun,180,William Paterson,USA,Undrafted,Undrafted,Undrafted,15,2.8,0.6,0.6,-9.3,2.80%,5.20%,24.60%,41.40%,21.40%
Howard Eisley,UTA,32,2-Jun,185,Boston College,USA,1994,2,30,74,5.6,1.2,3.4,-6.4,1.10%,5.90%,17.70%,47.00%,29.90%
Ibrahim Kutluay,SEA,31,6-Jun,200,None,USA,Undrafted,Undrafted,Undrafted,5,0,0.2,0,-81,0.00%,7.10%,13.00%,0.00%,0.00%
Ira Newble,CLE,30,7-Jun,220,Miami (OH),USA,Undrafted,Undrafted,Undrafted,74,5.9,3,1.2,-0.4,4.30%,8.00%,12.50%,48.20%,7.40%
JR Smith,NOH,19,6-Jun,220,None,USA,2004,1,18,76,10.3,2,1.9,-10.9,2.00%,6.60%,22.50%,47.80%,14.20%
Jabari Smith,NJN,28,11-Jun,250,Louisiana State,USA,2000,2,45,45,3.7,2.5,0.8,-8.8,4.50%,14.20%,14.80%,48.20%,10.00%
Jackie Butler,NYK,20,10-Jun,250,Southern Illinois,USA,Undrafted,Undrafted,Undrafted,3,3.3,0,0,9.1,0.00%,0.00%,45.50%,102.50%,0.00%
Jackson Vroman,NOH,24,10-Jun,220,Iowa State,USA,2004,2,31,46,4.6,3.8,0.9,-4.1,9.00%,17.40%,18.50%,45.70%,9.50%
Jacque Vaughn,NJN,30,1-Jun,190,Kansas,USA,1997,1,27,71,5.3,1.5,1.9,-4.7,1.20%,6.80%,13.90%,51.10%,16.90%
Jahidi White,CHA,29,9-Jun,290,Georgetown,USA,1998,2,43,17,2.5,2,0.1,0.4,7.90%,17.30%,18.70%,43.20%,1.10%
Jake Tsakalidis,MEM,26,2-Jul,290,None,Greece,2000,1,25,31,2.5,1.8,0.3,1.7,7.70%,12.70%,13.60%,54.20%,6.10%
Jake Voskuhl,PHX,27,11-Jun,255,Connecticut,USA,2000,2,33,38,2.1,2.4,0.4,7.1,8.30%,15.10%,11.30%,52.80%,6.50%
Jalen Rose,TOR,32,8-Jun,215,Michigan,USA,1994,1,13,81,18.5,3.4,2.6,-3.4,1.60%,8.90%,24.70%,56.20%,14.00%
Jamaal Magloire,NOH,27,11-Jun,259,Kentucky,Canada,2000,1,19,23,11.7,8.9,1.3,-6.3,10.70%,20.00%,21.80%,48.00%,7.60%
Jamaal Tinsley,IND,27,3-Jun,195,Iowa State,USA,2001,1,27,40,15.4,4,6.4,4.1,2.10%,10.80%,25.40%,51.80%,35.00%
Jamal Crawford,NYK,25,5-Jun,190,Michigan,USA,2000,1,8,70,17.7,2.9,4.3,-3.6,1.20%,6.70%,22.10%,52.10%,19.00%
Jamal Sampson,CHA,22,11-Jun,235,California,USA,2002,2,46,23,3.4,5.3,0.3,-7.6,9.90%,27.80%,12.70%,49.90%,4.20%
Jameer Nelson,ORL,23,Jun-00,190,Saint Joseph's,USA,2004,1,20,79,8.7,2.4,3,-2.9,3.20%,8.50%,20.80%,51.00%,24.40%
James Jones,IND,24,8-Jun,215,Miami (FL),USA,2003,2,49,75,4.9,2.3,0.8,1.1,3.20%,10.40%,13.80%,53.70%,7.70%
James Posey,MEM,28,8-Jun,215,Xavier,USA,1999,1,18,50,8.1,4.4,1.8,-2.3,3.50%,13.20%,16.00%,50.00%,11.00%
James Thomas,ATL,24,8-Jun,235,Texas,USA,Undrafted,Undrafted,Undrafted,11,2.4,3.4,0.4,-23.2,13.50%,18.30%,10.90%,57.40%,6.10%
Jamison Brewer,NYK,24,4-Jun,195,Auburn,USA,2001,2,40,18,1.7,1.2,0.7,-18.7,3.40%,10.10%,13.70%,36.30%,11.80%
Jannero Pargo,CHI,25,1-Jun,175,Arkansas,USA,Undrafted,Undrafted,Undrafted,32,6.4,1.5,2.4,-0.9,2.50%,7.20%,25.60%,45.70%,31.50%
Jared Jeffries,WAS,23,10-Jun,230,Indiana,USA,2002,1,11,77,6.8,4.9,2,0.6,7.20%,11.30%,13.20%,51.30%,11.50%
Jared Reiner,CHI,23,11-Jun,255,Iowa,USA,Undrafted,Undrafted,Undrafted,19,1.1,2,0.1,-4.7,8.00%,17.20%,12.20%,33.10%,1.10%
Jarron Collins,UTA,26,11-Jun,252,Stanford,USA,2001,2,52,50,4.3,3.3,1.2,1.4,6.30%,12.30%,11.70%,50.90%,9.10%
Jarvis Hayes,WAS,23,7-Jun,220,Georgia,USA,2003,1,10,54,10.2,4.2,1.7,-2.8,2.40%,12.30%,17.60%,47.50%,9.30%
Jason Collier,ATL,27,Jul-00,260,Georgia Tech,USA,2000,1,15,70,5.7,2.6,0.3,-18.8,8.60%,12.40%,21.70%,49.40%,3.50%
PLAYER,TEAM,AGE,HEIGHT,WEIGHT,COLLEGE,COUNTRY,DRAFT YEAR,DRAFT ROUND,DRAFT NUMBER,GP,PTS,REB,AST,NETRTG,OREB%,DREB%,USG%,TS%,AST%
Jason Collins,NJN,26,Jul-00,255,Stanford,USA,2001,1,18,80,6.4,6.1,1.3,3.9,6.20%,14.00%,11.60%,47.10%,6.60%
Jason Hart,CHA,27,3-Jun,185,Syracuse,USA,2000,2,49,74,9.5,2.7,5,-8.4,0.90%,10.50%,17.70%,53.40%,33.50%
Jason Kapono,CHA,24,8-Jun,213,UCLA,USA,2003,2,31,81,8.5,2,0.8,-3.5,2.00%,9.00%,21.60%,48.60%,7.20%
Jason Kidd,NJN,32,4-Jun,210,California,USA,1994,1,2,66,14.4,7.4,8.3,4.9,3.90%,16.90%,20.50%,50.60%,36.80%
Jason Richardson,GSW,24,6-Jun,225,Michigan State,USA,2001,1,5,72,21.7,5.9,3.9,-2.3,4.20%,11.00%,26.60%,51.80%,18.50%
Jason Terry,DAL,27,2-Jun,180,Arizona,USA,1999,1,10,80,12.4,2.4,5.4,9.5,1.70%,6.10%,17.70%,60.60%,27.80%
Jason Williams,MEM,29,1-Jun,190,Florida,USA,1998,1,7,71,10.1,1.7,5.6,1.9,1.00%,5.50%,18.80%,52.20%,33.90%
Jeff Foster,IND,28,11-Jun,242,Texas State,USA,1999,1,21,61,7,9,0.7,7.5,13.50%,22.20%,12.70%,55.10%,4.70%
Jeff McInnis,CLE,30,4-Jun,179,North Carolina,USA,1996,2,37,76,12.8,2.1,5.1,0.6,1.20%,5.00%,18.30%,49.50%,23.70%
Jelani McCoy,ATL,27,10-Jun,245,UCLA,USA,1998,2,33,10,1.5,2.1,0,2.4,9.30%,14.90%,10.80%,49.30%,0.00%
Jermaine Jackson,NYK,29,5-Jun,204,Detroit Mercy,USA,Undrafted,Undrafted,Undrafted,21,2,1.1,1.1,-11.9,1.40%,9.90%,9.90%,54.20%,18.60%
Jermaine O'Neal,IND,26,11-Jun,242,None,USA,1996,1,17,44,24.3,8.8,1.9,1.7,6.00%,20.50%,35.70%,52.00%,12.40%
Jerome James,SEA,29,1-Jul,272,Florida A&M,USA,1998,2,36,80,4.9,3,0.2,-1,6.30%,13.10%,16.00%,53.30%,2.40%
Jerome Moiso,CLE,27,10-Jun,260,UCLA,France,2000,1,11,20,1.4,1.9,0.1,-12.8,7.90%,24.10%,11.00%,59.00%,1.40%
Jerome Williams,NYK,32,9-Jun,206,Georgetown,USA,1996,1,26,79,4.5,3.6,0.5,0.7,9.70%,15.10%,13.90%,56.30%,5.50%
Jerry Stackhouse,DAL,30,6-Jun,218,North Carolina,USA,1995,1,3,56,14.9,3.3,2.3,3.4,2.40%,8.60%,24.20%,52.50%,13.70%
Jim Jackson,PHX,34,6-Jun,220,Ohio State,USA,1992,1,4,64,10.5,4.2,2.9,0.6,1.70%,11.00%,16.00%,55.30%,14.70%
Jiri Welsch,CLE,25,7-Jun,208,None,Czech Republi...,2002,1,16,71,6.5,2.4,1.5,-2,2.10%,11.10%,17.20%,51.80%,12.00%
Joe Johnson,PHX,24,7-Jun,230,Arkansas,USA,2001,1,10,82,17.1,5.1,3.5,8.5,3.70%,8.30%,18.70%,55.60%,13.00%
Joe Smith,MIL,29,10-Jun,225,Maryland,USA,1995,1,1,74,11,7.3,0.9,-1.4,7.80%,16.40%,15.50%,56.40%,4.70%
Joel Przybilla,POR,25,1-Jul,255,Minnesota,USA,2000,1,9,76,6.4,7.7,1,-3.9,10.20%,21.80%,12.30%,59.60%,6.30%
John Edwards,IND,23,Jul-00,275,Kent State,USA,Undrafted,Undrafted,Undrafted,25,1.2,0.8,0.1,-26.7,6.70%,8.80%,15.30%,40.10%,4.10%
John Salmons,PHI,25,6-Jun,207,Miami (FL),USA,2002,1,26,58,4.1,2.1,2,-4.8,1.20%,10.90%,12.40%,51.10%,19.30%
John Thomas,MIN,29,9-Jun,265,Minnesota,USA,1997,1,25,44,2.5,2.2,0.4,4.7,8.20%,11.00%,11.00%,52.20%,4.70%
Jon Barry,HOU,35,5-Jun,210,Georgia Tech,USA,1992,1,21,69,6.6,2.3,2.4,7.1,1.80%,8.90%,14.20%,57.00%,17.70%
Jonathan Bender,IND,24,Jul-00,219,None,USA,1999,1,5,7,5.1,2,0.6,-18.5,6.00%,12.30%,26.60%,42.20%,11.10%
Josh Childress,ATL,22,8-Jun,210,Stanford,USA,2004,1,6,80,10.1,6,1.9,-9.2,8.10%,13.10%,15.50%,54.30%,10.00%
Josh Davis,PHI,24,8-Jun,235,Wyoming,USA,Undrafted,Undrafted,Undrafted,42,2.8,1.9,0.3,6,8.60%,15.20%,17.80%,49.40%,6.30%
Josh Howard,DAL,25,7-Jun,210,Wake Forest,USA,2003,1,29,76,12.6,6.4,1.4,9,7.10%,12.50%,18.10%,53.50%,6.90%
Josh Smith,ATL,19,9-Jun,225,None,USA,2004,1,17,74,9.7,6.2,1.7,-8.6,7.10%,15.90%,17.60%,50.60%,10.00%
Juan Dixon,WAS,26,3-Jun,164,Maryland,USA,2002,1,17,63,8,1.9,1.8,-3.5,2.90%,8.50%,22.70%,51.80%,19.00%
Jumaine Jones,LAL,26,8-Jun,218,Georgia,USA,1999,1,27,76,7.6,5.2,0.9,-0.5,5.80%,15.60%,13.90%,55.60%,5.70%
Junior Harrington,NOH,24,4-Jun,190,Wingate,USA,Undrafted,Undrafted,Undrafted,29,5.6,2.2,2.1,-10.3,2.40%,9.70%,20.10%,42.10%,23.00%
Justin Reed,BOS,23,8-Jun,240,Mississippi,USA,2004,2,40,23,1.8,0.7,0.4,8.1,7.90%,7.40%,15.10%,57.60%,12.80%
Juwan Howard,HOU,32,9-Jun,230,Michigan,USA,1994,1,5,61,9.6,5.7,1.5,0.8,8.30%,14.00%,19.00%,49.40%,10.00%
Kaniel Dickens,NJN,26,8-Jun,215,Idaho,USA,2000,2,50,11,1.2,0.8,0.1,-15.3,6.00%,12.20%,13.90%,43.70%,3.60%
Kareem Rush,CHA,24,6-Jun,215,Missouri,USA,2002,1,20,48,8.4,1.9,1.4,-7.6,1.90%,7.50%,21.30%,47.10%,12.10%
Kedrick Brown,PHI,24,7-Jun,222,Northwest Florida State,USA,2001,1,11,8,1.5,1.4,0.5,-25,1.90%,20.80%,11.70%,57.70%,15.40%
Keith Bogans,CHA,25,5-Jun,215,Kentucky,USA,2003,2,43,74,9.6,3.1,1.8,-6.8,4.00%,9.00%,21.10%,46.50%,12.40%
Keith McLeod,UTA,25,2-Jun,190,Bowling Green,USA,Undrafted,Undrafted,Undrafted,53,7.8,2.1,4.5,-4,1.50%,7.40%,18.70%,44.00%,28.20%
Keith Van Horn,DAL,29,10-Jun,245,Utah,USA,1997,1,2,62,11.2,4.7,1.2,3.2,6.00%,14.10%,21.10%,55.00%,8.50%
Kelvin Cato,ORL,30,11-Jun,275,Iowa State,USA,1997,1,15,62,7,6.7,0.6,1.3,7.00%,19.70%,12.10%,60.00%,3.90%
Kendall Gill,MIL,37,5-Jun,216,Illinois,USA,1990,1,5,14,6.1,2.6,1.9,-3.5,3.70%,10.60%,15.40%,47.90%,15.90%
Kendrick Perkins,BOS,20,10-Jun,280,None,USA,2003,1,27,60,2.5,2.9,0.4,0.5,10.70%,21.30%,15.00%,51.50%,6.20%
Kenny Anderson,LAC,34,1-Jun,168,Georgia Tech,USA,1991,1,2,43,4.7,2,2.4,-11.2,3.10%,10.00%,15.40%,46.70%,22.00%
Kenny Thomas,SAC,27,7-Jun,245,New Mexico,USA,1999,1,22,73,12.4,7.3,2.1,-1.5,8.30%,16.80%,20.40%,51.50%,11.80%
Kenyon Martin,DEN,27,9-Jun,234,Cincinnati,USA,2000,1,1,70,15.5,7.3,2.4,1.9,6.80%,16.30%,23.10%,52.10%,13.10%
Kerry Kittles,LAC,31,5-Jun,185,Villanova,USA,1996,1,8,11,6.3,2.9,1.8,-0.4,0.40%,13.20%,15.20%,44.60%,13.00%
Kevin Garnett,MIN,29,11-Jun,220,None,USA,1995,1,5,82,22.2,13.5,5.7,2.5,8.30%,27.20%,26.70%,56.70%,26.40%
Kevin Martin,SAC,22,7-Jun,185,Western Carolina,USA,2004,1,26,45,2.9,1.3,0.5,1.2,6.20%,6.20%,15.70%,46.40%,7.10%
PLAYER,TEAM,AGE,HEIGHT,WEIGHT,COLLEGE,COUNTRY,DRAFT YEAR,DRAFT ROUND,DRAFT NUMBER,GP,PTS,REB,AST,NETRTG,OREB%,DREB%,USG%,TS%,AST%
Kevin Ollie,PHI,32,2-Jun,195,Connecticut,USA,Undrafted,Undrafted,Undrafted,26,1.1,0.7,0.7,1.3,1.90%,11.00%,11.20%,40.00%,19.60%
Kevin Willis,ATL,42,Jul-00,245,Michigan State,USA,1984,1,11,29,3,2.6,0.3,-15.6,8.10%,14.60%,14.70%,43.40%,4.30%
Keyon Dooling,MIA,25,3-Jun,190,Missouri,USA,2000,1,10,74,5.2,1.2,1.8,1.1,1.00%,6.50%,17.90%,48.60%,18.70%
Kirk Hinrich,CHI,24,3-Jun,190,Kansas,USA,2003,1,7,77,15.7,3.9,6.4,0.3,1.10%,9.70%,22.10%,49.50%,31.80%
Kirk Penney,LAC,24,5-Jun,220,Wisconsin,USA,Undrafted,Undrafted,Undrafted,4,0.5,0.3,0.3,4,0.00%,9.10%,17.90%,33.30%,16.70%
Kirk Snyder,UTA,22,6-Jun,225,Nevada,USA,2004,1,16,68,5,1.8,0.5,-7.2,5.80%,9.00%,21.50%,45.60%,7.30%
Kobe Bryant,LAL,26,6-Jun,220,None,USA,1996,1,13,66,27.6,5.9,6,-2,3.50%,10.90%,31.10%,56.30%,28.70%
Kris Humphries,UTA,20,9-Jun,235,Minnesota,USA,2004,1,14,67,4.1,2.9,0.6,-8.7,8.00%,15.80%,19.70%,41.90%,9.50%
Kurt Thomas,NYK,32,9-Jun,235,Texas Christian,USA,1995,1,10,80,11.5,10.4,2,-2.4,6.10%,24.50%,16.30%,48.80%,9.00%
Kwame Brown,WAS,23,11-Jun,243,None,USA,2001,1,1,42,7,4.9,0.9,-7.1,7.80%,15.00%,17.50%,49.70%,7.40%
Kyle Korver,PHI,24,6-Jun,211,Creighton,USA,2003,2,51,82,11.5,4.6,2.2,0.7,1.50%,12.70%,14.40%,58.80%,10.80%
Lamar Odom,LAL,25,10-Jun,225,Rhode Island,USA,1999,1,4,64,15.2,10.2,3.7,-1.8,5.90%,21.50%,20.70%,53.90%,18.20%
Lamond Murray,TOR,32,7-Jun,235,California,USA,1994,1,7,62,6,2.6,0.8,2.3,4.80%,12.90%,19.40%,53.70%,8.60%
Laron Profit,WAS,27,5-Jun,204,Maryland,USA,1999,2,38,42,3.2,1.8,0.9,-3.9,5.50%,13.10%,16.70%,48.90%,15.10%
Larry Hughes,WAS,26,5-Jun,184,Saint Louis,USA,1998,1,8,61,22,6.3,4.7,2,3.00%,13.10%,26.10%,52.30%,21.40%
Latrell Sprewell,MIN,34,5-Jun,195,Alabama,USA,1992,1,24,80,12.8,3.2,2.2,-0.3,2.80%,7.50%,21.60%,48.90%,11.90%
Lawrence Funderburke,CHI,34,9-Jun,230,Ohio State,USA,1994,2,51,2,4.5,1.5,0,-0.2,4.50%,10.00%,17.40%,54.90%,0.00%
LeBron James,CLE,20,8-Jun,240,None,USA,2003,1,1,80,27.2,7.4,7.2,2.2,3.30%,14.70%,29.20%,55.40%,32.40%
Leandro Barbosa,PHX,22,3-Jun,188,None,Brazil,2003,1,28,63,7,2.1,2,-2.1,2.90%,8.00%,18.20%,57.50%,18.70%
Lee Nailon,NOH,30,9-Jun,238,Texas Christian,USA,1999,2,43,68,14.2,4.4,1.6,-7.9,6.20%,9.20%,23.80%,51.10%,11.00%
Lindsey Hunter,DET,34,2-Jun,195,Jackson State,USA,1993,1,10,76,3.8,1.6,1.7,0.6,3.40%,7.70%,15.40%,43.50%,19.40%
Linton Johnson,SAS,25,8-Jun,225,Tulane,USA,Undrafted,Undrafted,Undrafted,2,0,1.5,0,19.3,0.00%,18.80%,8.30%,0.00%,0.00%
Lionel Chalmers,LAC,24,Jun-00,180,Xavier,USA,2004,2,33,36,3.1,0.9,1.4,-4.4,1.00%,6.40%,17.30%,40.90%,21.10%
Lonny Baxter,NOH,26,8-Jun,260,Maryland,USA,2002,2,43,4,1.5,2,0,-30.4,10.00%,10.00%,19.30%,25.30%,0.00%
Loren Woods,TOR,27,1-Jul,260,Arizona,USA,2001,2,45,45,3.9,4.9,0.4,-6.9,10.50%,21.00%,14.20%,46.30%,3.80%
Lorenzen Wright,MEM,29,11-Jun,240,Memphis,USA,1996,1,7,80,9.6,7.7,1.1,1.8,8.20%,20.50%,17.80%,50.10%,6.60%
Lucious Harris,CLE,34,5-Jun,205,Long Beach State,USA,1993,2,28,73,4.3,1.7,0.7,-2.5,3.30%,7.40%,13.90%,47.50%,7.30%
Luis Flores,DEN,24,2-Jun,195,Manhattan,USA,2004,2,55,16,2.2,0.2,0.7,15.7,1.40%,2.70%,22.80%,58.60%,26.20%
Luke Jackson,CLE,23,7-Jun,215,Oregon,USA,2004,1,10,10,2.9,0.6,0.3,-17.4,3.50%,10.50%,28.40%,48.90%,16.70%
Luke Ridnour,SEA,24,1-Jun,167,Oregon,USA,2003,1,14,82,10,2.5,5.9,-0.4,2.20%,6.30%,16.90%,50.40%,30.40%
Luke Walton,LAL,25,8-Jun,235,Arizona,USA,2003,2,32,61,3.2,2.3,1.5,-6.7,6.90%,11.50%,14.70%,49.20%,20.00%
Luol Deng,CHI,20,8-Jun,220,Duke,United Kingdo...,2004,1,7,61,11.7,5.3,2.2,5.2,5.70%,13.30%,22.00%,49.60%,14.10%
Maciej Lampe,NOH,20,11-Jun,275,None,Poland,2003,2,30,37,3.1,2.4,0.3,-2.6,5.90%,15.50%,18.50%,40.60%,5.00%
Malik Allen,CHA,27,10-Jun,255,Villanova,USA,Undrafted,Undrafted,Undrafted,36,5.4,2.8,0.5,-5.9,7.80%,11.70%,17.90%,51.20%,6.20%
Malik Rose,NYK,30,7-Jun,245,Drexel,USA,1996,2,44,76,7,4.5,0.8,0.8,9.10%,14.90%,19.00%,51.10%,7.00%
Mamadou N'diaye,LAC,30,Jul-00,255,Auburn,Senegal,2000,1,26,11,1.8,1.6,0.1,-20.3,11.50%,12.90%,14.40%,43.30%,2.80%
Manu Ginobili,SAS,27,6-Jun,205,None,Argentina,1999,2,57,74,16,4.4,3.9,15.9,3.70%,11.80%,23.30%,60.90%,21.70%
Marc Jackson,PHI,30,10-Jun,253,Temple,USA,1997,2,37,81,12,5,1,0.1,9.20%,11.30%,22.10%,54.80%,7.40%
Marcus Banks,BOS,23,2-Jun,200,Nevada-Las Vegas,USA,2003,1,13,81,4.6,1.6,1.9,1.6,2.60%,8.20%,16.40%,52.00%,21.90%
Marcus Camby,DEN,31,11-Jun,225,Massachusetts,USA,1996,1,2,66,10.3,10,2.3,2.7,7.00%,25.70%,17.30%,50.50%,11.90%
Marcus Fizer,MIL,26,8-Jun,260,Iowa State,USA,2000,1,4,54,6.2,3.2,1.2,-8.7,3.50%,17.90%,21.00%,49.80%,12.80%
Marcus Haislip,IND,24,10-Jun,230,Tennessee,USA,2002,1,13,9,3.6,1.7,0.3,-2.2,4.70%,10.80%,22.00%,37.30%,5.60%
Mario Kasun,ORL,25,Jul-00,260,None,,2002,2,40,45,2.6,2.8,0.2,-3.5,13.30%,21.60%,15.90%,50.50%,3.50%
Mark Blount,BOS,29,Jul-00,250,Pittsburgh,USA,1997,2,54,82,9.4,4.8,1.6,-0.1,7.20%,11.80%,17.60%,55.90%,9.80%
Mark Jones,ORL,30,6-Jun,215,Central Florida,USA,2004,4,82,10,2.3,1.3,0.6,2.1,4.30%,5.80%,12.80%,32.50%,7.50%
Mark Madsen,MIN,29,9-Jun,236,Stanford,USA,2000,1,29,41,2.1,3.1,0.4,7,11.20%,11.00%,7.90%,52.60%,4.10%
Mark Pope,DEN,32,10-Jun,235,Kentucky,USA,1996,2,52,9,0.4,0.9,0.1,-20.3,16.10%,11.10%,10.40%,33.30%,6.30%
Marko Jaric,LAC,26,7-Jun,217,None,Serbia,2000,2,30,50,9.9,3.2,6.1,1.8,1.40%,8.90%,16.30%,50.00%,28.70%
Marquis Daniels,DAL,24,6-Jun,200,Auburn,USA,Undrafted,Undrafted,Undrafted,60,9.1,3.6,2.1,1.8,6.00%,9.20%,19.80%,48.40%,15.30%
Mateen Cleaves,SEA,27,2-Jun,210,Michigan State,USA,2000,1,14,14,0.9,0.4,0.5,-18.1,3.20%,7.00%,12.70%,41.20%,19.40%
PLAYER,TEAM,AGE,HEIGHT,WEIGHT,COLLEGE,COUNTRY,DRAFT YEAR,DRAFT ROUND,DRAFT NUMBER,GP,PTS,REB,AST,NETRTG,OREB%,DREB%,USG%,TS%,AST%
Matt Barnes,SAC,25,7-Jun,226,UCLA,USA,2002,2,45,43,3.8,3.1,1.3,4.5,6.90%,12.30%,13.50%,46.50%,11.30%
Matt Bonner,TOR,25,10-Jun,240,Florida,USA,2003,2,45,82,7.2,3.5,0.6,-1.3,6.90%,11.80%,15.20%,59.60%,5.40%
Matt Carroll,CHA,24,6-Jun,212,Notre Dame,USA,Undrafted,Undrafted,Undrafted,25,9,2.4,0.7,2.1,2.90%,10.90%,23.60%,51.70%,7.00%
Matt Freije,NOH,23,10-Jun,249,Vanderbilt,USA,2004,2,53,23,4,2.7,0.9,-8.5,3.70%,11.40%,15.60%,35.60%,7.90%
Matt Harpring,UTA,29,7-Jun,231,Georgia Tech,USA,1998,1,15,78,14,6.2,1.8,-5.9,8.10%,12.50%,19.80%,54.90%,9.70%
Maurice Baker,POR,25,2-Jun,200,Oklahoma State,USA,Undrafted,Undrafted,Undrafted,5,0,0.4,0.2,29.9,5.60%,4.50%,4.80%,0.00%,7.70%
Maurice Evans,SAC,26,5-Jun,220,Texas,USA,Undrafted,Undrafted,Undrafted,65,6.4,3.1,0.7,-1.3,7.00%,9.30%,15.50%,51.10%,5.60%
Maurice Taylor,NYK,28,9-Jun,255,Michigan,USA,1997,1,14,65,7.3,4,1,-0.7,5.40%,14.70%,20.30%,48.00%,9.10%
Mehmet Okur,UTA,26,11-Jun,249,None,Turkey,2001,2,37,82,12.9,7.5,2,-4.1,8.80%,20.20%,20.70%,56.90%,13.20%
Melvin Ely,CHA,27,10-Jun,261,Fresno State,USA,2002,1,12,79,7.3,4.1,1,-4.9,8.30%,11.70%,19.60%,46.50%,7.80%
Metta World Peace,IND,25,7-Jun,246,St. John's (NY),USA,1999,1,16,7,24.6,6.4,3.1,6.7,3.20%,12.90%,25.20%,60.80%,16.40%
Michael Bradley,PHI,26,9-Jun,227,Villanova,USA,2001,1,17,18,1.8,1.6,0.3,0.9,7.30%,15.70%,12.10%,60.00%,6.80%
Michael Curry,IND,36,5-Jun,210,Georgia Southern,USA,Undrafted,Undrafted,Undrafted,18,1.7,1.5,0.8,-15,3.20%,8.00%,6.90%,46.10%,10.70%
Michael Doleac,MIA,28,11-Jun,262,Utah,USA,1998,1,12,80,4,3.2,0.6,2.4,6.60%,16.10%,14.90%,46.00%,6.50%
Michael Finley,DAL,32,7-Jun,225,Wisconsin,USA,1995,1,21,64,15.7,4.1,2.6,8.4,2.00%,8.80%,19.20%,51.90%,11.10%
Michael Olowokandi,MIN,30,Jul-00,270,Pacific,Nigeria,1998,1,1,62,5.9,5.2,0.5,-0.5,8.90%,18.00%,16.90%,48.00%,3.80%
Michael Redd,MIL,25,6-Jun,214,Ohio State,USA,2000,2,43,75,23,4.2,2.3,-3.2,2.50%,8.70%,26.80%,53.60%,11.20%
Michael Ruffin,WAS,28,8-Jun,248,Tulsa,USA,1999,2,32,79,1.4,4.2,0.8,-2.8,12.00%,14.80%,5.90%,43.20%,7.40%
Michael Stewart,ATL,30,10-Jun,230,California,USA,Undrafted,Undrafted,Undrafted,12,2.1,3.3,0.4,-9,14.70%,16.10%,9.10%,51.90%,5.20%
Michael Sweetney,NYK,22,8-Jun,270,Georgetown,USA,2003,1,9,77,8.4,5.4,0.6,-0.1,11.80%,17.70%,19.60%,59.20%,5.00%
Mickael Pietrus,GSW,23,6-Jun,215,None,France,2003,1,11,67,9.5,2.8,1.2,-0.7,4.60%,9.20%,22.10%,53.90%,10.50%
Mike Bibby,SAC,27,1-Jun,190,Arizona,USA,1998,1,2,80,19.6,4.2,6.8,2.9,2.50%,8.00%,23.30%,54.30%,27.70%
Mike Dunleavy,GSW,24,9-Jun,230,Duke,USA,2002,1,3,79,13.4,5.5,2.6,-0.8,3.50%,13.10%,18.80%,53.90%,12.70%
Mike James,HOU,30,2-Jun,188,Duquesne,,Undrafted,Undrafted,Undrafted,74,11.8,2.8,3.6,4.9,1.90%,9.30%,22.50%,53.40%,25.30%
Mike Miller,MEM,25,8-Jun,218,Florida,USA,2000,1,5,76,13.4,3.9,2.9,5.3,1.70%,11.80%,19.30%,61.40%,16.90%
Mike Wilks,SAS,26,10-May,180,Rice,USA,Undrafted,Undrafted,Undrafted,48,1.7,0.5,0.7,-16.2,1.40%,8.10%,16.20%,48.20%,23.40%
Mikki Moore,LAC,29,Jul-00,223,Nebraska,USA,Undrafted,Undrafted,Undrafted,74,5.4,3.3,0.6,-2.2,9.20%,13.00%,15.90%,57.10%,7.00%
Milt Palacio,TOR,27,3-Jun,210,Colorado State,Belize,Undrafted,Undrafted,Undrafted,80,5.8,1.7,3.5,0,1.80%,7.20%,16.70%,50.70%,29.60%
Mo Williams,MIL,22,1-Jun,189,Alabama,USA,2003,2,47,80,10.2,3.1,6.1,-1.9,2.20%,8.90%,19.60%,50.40%,33.90%
Moochie Norris,HOU,31,1-Jun,185,West Florida,USA,1996,2,33,38,2.4,1.2,1,-3.5,2.90%,10.10%,18.50%,37.60%,20.70%
Morris Peterson,TOR,27,7-Jun,215,Michigan State,USA,2000,1,21,82,12.5,4.1,2.1,-1.1,2.90%,10.90%,18.30%,54.30%,11.00%
Nazr Mohammed,SAS,27,10-Jun,250,Kentucky,USA,1998,1,29,77,9.5,7.6,0.4,-4.4,12.60%,18.00%,18.50%,52.10%,2.90%
Ndudi Ebi,MIN,21,9-Jun,195,None,USA,2003,1,26,2,13.5,8,0.5,14.8,10.20%,18.50%,22.40%,54.10%,3.30%
Nenad Krstic,NJN,21,Jul-00,240,None,Serbia and Mo...,2002,1,24,75,10,5.3,1,2.9,8.40%,13.10%,18.70%,54.70%,6.70%
Nene,DEN,22,11-Jun,260,None,Brazil,2002,1,7,55,9.6,5.9,1.5,2,8.10%,16.80%,18.80%,55.10%,10.30%
Nick Collison,SEA,24,9-Jun,255,Kansas,USA,2003,1,12,82,5.6,4.6,0.4,4,11.30%,16.10%,14.80%,56.90%,4.00%
Nick Van Exel,POR,33,1-Jun,190,Cincinnati,USA,1993,2,37,53,11.1,3,4.3,-2.2,1.30%,8.70%,19.10%,49.40%,23.10%
Nikoloz Tskitishvili,GSW,22,Jul-00,225,None,Georgia,2002,1,5,35,1.4,1.2,0.3,-8.3,5.00%,12.20%,19.30%,32.40%,8.10%
Obinna Ekezie,ATL,29,9-Jun,270,Maryland,Nigeria,1999,2,37,42,5.5,4.3,0.3,-5.2,10.00%,16.10%,16.30%,51.60%,2.30%
Omar Cook,TOR,23,1-Jun,190,St. John's (NY),USA,2001,2,31,5,4.6,1.4,4.4,15.4,2.80%,6.60%,19.50%,43.20%,41.50%
Othella Harrington,CHI,31,9-Jun,235,Georgetown,USA,1996,2,30,70,8,4.2,0.8,7.7,8.30%,14.60%,20.30%,55.90%,7.70%
P.J. Brown,NOH,35,11-Jun,239,Louisiana Tech,USA,1992,2,29,82,10.8,9,2.2,-7.6,9.20%,18.00%,15.60%,51.20%,10.90%
Pape Sow,TOR,23,10-Jun,250,Cal State-Fullerton,Senegal,2004,2,47,27,2.3,2.1,0.1,1,7.60%,17.40%,14.40%,44.40%,1.20%
Pat Garrity,ORL,28,9-Jun,238,Notre Dame,USA,1998,1,19,71,4.6,1.7,0.4,-5.2,2.00%,10.70%,15.00%,50.50%,5.10%
Pau Gasol,MEM,24,Jul-00,240,None,Spain,2001,1,3,56,17.8,7.3,2.4,4,7.90%,16.10%,25.50%,58.20%,14.30%
Paul Pierce,BOS,27,6-Jun,230,Kansas,USA,1998,1,10,82,21.6,6.6,4.2,3.5,2.80%,15.40%,26.00%,58.30%,19.70%
Paul Shirley,PHX,27,10-Jun,230,Iowa State,USA,Undrafted,Undrafted,Undrafted,9,1.3,0.2,0.3,-60.9,3.30%,3.40%,19.20%,47.00%,20.00%
Pavel Podkolzin,DAL,20,5-Jul,260,None,Russia,2004,1,21,5,0.2,0.4,0,-21.2,0.00%,28.60%,16.70%,56.80%,0.00%
Peja Stojakovic,SAC,28,10-Jun,229,None,Serbia and Mo...,1996,1,14,66,20.1,4.3,2.1,2.3,2.50%,8.60%,21.20%,58.40%,8.60%
Peter John Ramos,WAS,20,3-Jul,275,None,Puerto Rico,2004,2,32,6,1.8,0.7,0,-3.4,4.20%,17.60%,29.20%,50.60%,0.00%
PLAYER,TEAM,AGE,HEIGHT,WEIGHT,COLLEGE,COUNTRY,DRAFT YEAR,DRAFT ROUND,DRAFT NUMBER,GP,PTS,REB,AST,NETRTG,OREB%,DREB%,USG%,TS%,AST%
Predrag Drobnjak,ATL,29,11-Jun,270,None,Yugoslavia,1997,2,48,71,8.4,3.4,0.7,-6.8,5.00%,12.50%,20.40%,50.10%,6.00%
Primoz Brezec,CHA,25,1-Jul,252,None,Slovenia,2000,1,27,72,13,7.4,1.2,-6.7,9.40%,14.40%,18.00%,55.00%,6.30%
Quentin Richardson,PHX,25,6-Jun,230,DePaul,USA,2000,1,18,79,14.9,6.1,2,8.7,3.20%,12.20%,18.50%,52.20%,7.70%
Quinton Ross,LAC,24,6-Jun,193,Southern Methodist,USA,Undrafted,Undrafted,Undrafted,78,5.1,2.7,1.4,-5,3.90%,9.40%,13.20%,47.10%,10.90%
Qyntel Woods,MIA,24,8-Jun,221,Northeast Mississippi Community College,USA,2002,1,21,3,3.3,2,0,-7,5.90%,12.10%,16.10%,41.70%,0.00%
Raef LaFrentz,BOS,29,11-Jun,245,Kansas,USA,1998,1,3,80,11.1,6.9,1.2,2.8,7.40%,18.10%,16.40%,58.70%,6.90%
Rafael Araujo,TOR,24,11-Jun,280,Brigham Young,Brazil,2004,1,8,59,3.3,3.1,0.3,-2.3,8.20%,18.20%,15.00%,49.20%,3.20%
Rafer Alston,TOR,28,2-Jun,170,Fresno State,USA,1998,2,39,80,14.2,3.5,6.4,-1.3,1.50%,9.00%,20.80%,52.20%,31.40%
Raja Bell,UTA,28,5-Jun,210,Florida International,U.S. Virgin I...,Undrafted,Undrafted,Undrafted,63,12.3,3.2,1.4,-5.5,2.80%,9.50%,20.50%,52.70%,9.20%
Randy Livingston,UTA,30,4-Jun,209,Louisiana State,USA,1996,2,42,17,3.8,0.7,2.6,-9.1,1.30%,4.50%,14.20%,53.80%,31.90%
Rashard Lewis,SEA,25,10-Jun,215,None,USA,1998,2,32,71,20.5,5.5,1.3,6.4,4.20%,10.80%,23.60%,57.10%,6.40%
Rasheed Wallace,DET,30,11-Jun,230,North Carolina,USA,1995,1,4,79,14.5,8.2,1.8,7.9,6.70%,17.70%,21.90%,49.90%,9.40%
Rasho Nesterovic,SAS,29,Jul-00,255,None,Slovenia,1998,1,17,70,5.9,6.6,1,12,11.00%,15.50%,13.10%,46.30%,6.10%
Rasual Butler,MIA,26,7-Jun,205,La Salle,USA,2002,2,52,65,6.5,2.3,1,5.1,1.30%,10.80%,17.50%,48.80%,8.50%
Raul Lopez,UTA,25,Jun-00,175,None,Spain,2001,1,24,31,5.2,1.3,4,6.9,1.50%,7.00%,17.50%,53.80%,36.30%
Ray Allen,SEA,29,5-Jun,205,Connecticut,USA,1996,1,5,78,23.9,4.4,3.7,4.4,2.60%,9.30%,27.00%,55.50%,17.60%
Reece Gaines,MIL,24,6-Jun,205,Louisville,USA,2003,1,15,21,2,0.7,0.3,-16.8,0.50%,6.90%,14.10%,39.60%,7.80%
Reggie Evans,SEA,25,8-Jun,245,Iowa,USA,Undrafted,Undrafted,Undrafted,79,4.9,9.3,0.7,1.4,13.70%,28.00%,11.70%,51.20%,4.60%
Reggie Miller,IND,39,7-Jun,195,UCLA,USA,1987,1,11,66,14.8,2.4,2.2,5.6,0.90%,6.70%,19.70%,58.20%,12.50%
Richard Hamilton,DET,27,7-Jun,193,Connecticut,USA,1999,1,7,76,18.7,3.9,4.9,8.1,2.60%,7.60%,24.40%,52.80%,22.60%
Richard Jefferson,NJN,25,7-Jun,225,Arizona,USA,2001,1,13,33,22.2,7.3,4,-4.9,3.90%,14.50%,28.00%,53.70%,20.40%
Richie Frahm,POR,27,5-Jun,210,Gonzaga,USA,Undrafted,Undrafted,Undrafted,43,3.8,1.4,0.7,-1.9,3.60%,8.90%,14.70%,54.30%,9.70%
Rick Brunson,LAC,33,4-Jun,190,Temple,USA,Undrafted,Undrafted,Undrafted,80,5.5,2.3,5.1,-0.9,1.30%,8.60%,14.10%,46.00%,33.20%
Ricky Davis,BOS,25,7-Jun,195,Iowa,USA,1998,1,21,82,16,3,3,-1.3,2.60%,6.70%,23.10%,54.70%,16.30%
Robert Horry,SAS,34,10-Jun,240,Alabama,USA,1992,1,11,75,6,3.6,1.1,9.8,6.80%,13.40%,15.80%,53.30%,9.10%
Robert Swift,SEA,19,Jul-00,245,None,USA,2004,1,12,16,0.9,0.3,0.1,-24.5,1.50%,7.30%,11.90%,50.10%,5.10%
Robert Traylor,CLE,28,8-Jun,284,Michigan,USA,1998,1,6,74,5.5,4.5,0.8,-1.1,9.70%,15.20%,17.00%,46.10%,7.50%
Rod Strickland,HOU,38,3-Jun,185,DePaul,USA,1988,1,19,16,1.8,1.7,2.4,2.8,1.60%,12.40%,15.20%,29.50%,30.70%
Rodney Buford,NJN,27,5-Jun,195,Creighton,USA,1999,2,53,64,7,3,1,-9,2.40%,13.00%,18.70%,43.70%,9.30%
Rodney Rogers,PHI,34,7-Jun,270,Wake Forest,USA,1993,1,9,58,7.7,4.2,1.5,-8,4.40%,14.30%,18.70%,46.20%,11.00%
Rodney White,GSW,25,9-Jun,230,North Carolina-Charlotte,USA,2001,1,9,58,5.1,1.5,0.8,-3.1,3.30%,9.90%,22.10%,47.50%,11.80%
Ron Mercer,NJN,29,7-Jun,215,Kentucky,USA,1997,1,6,18,7.6,2.2,1.1,-10.5,2.20%,8.30%,20.30%,42.20%,11.10%
Ronald Dupree,DET,24,7-Jun,209,Louisiana State,USA,Undrafted,Undrafted,Undrafted,47,3.2,2,0.5,-3,7.80%,13.40%,16.60%,51.50%,9.40%
Royal Ivey,ATL,23,3-Jun,200,Texas,USA,2004,2,37,62,3.5,1.4,1.7,-3,2.30%,8.60%,14.90%,48.40%,19.70%
Ruben Patterson,POR,29,5-Jun,223,Cincinnati,USA,1998,2,31,70,11.6,3.9,2,-2.6,6.80%,7.20%,19.80%,55.80%,12.00%
Ryan Bowen,HOU,29,9-Jun,220,Iowa,USA,1998,2,55,66,1.7,1.2,0.3,4.6,3.70%,8.60%,9.70%,46.20%,5.20%
Ryan Humphrey,MEM,25,8-Jun,235,Notre Dame,USA,2002,1,19,35,2.9,2.5,0.2,-4.1,14.90%,13.50%,19.60%,42.80%,3.60%
Sam Cassell,MIN,35,3-Jun,185,Florida State,USA,1993,1,24,59,13.5,2.7,5.1,4.8,1.70%,8.30%,25.40%,52.90%,33.60%
Samaki Walker,WAS,29,9-Jun,250,Louisville,USA,1996,1,9,14,1.7,1.3,0.3,-4,6.00%,7.80%,12.90%,37.10%,4.50%
Samuel Dalembert,PHI,25,11-Jun,250,Seton Hall,Haiti,2001,1,26,72,8.2,7.5,0.5,1.4,10.70%,19.50%,15.90%,54.30%,3.10%
Sasha Pavlovic,CLE,21,7-Jun,210,None,Montenegro,2003,1,19,65,4.8,1.1,0.8,0.5,1.70%,7.10%,17.70%,51.60%,9.10%
Sasha Vujacic,LAL,21,7-Jun,193,None,Slovenia,2004,1,27,35,2.9,1.8,1.5,1.9,3.00%,12.60%,14.90%,40.30%,18.50%
Scot Pollard,IND,30,11-Jun,265,Kansas,USA,1997,1,19,49,3.9,4.2,0.4,7,10.70%,15.20%,11.80%,50.60%,3.40%
Scott Padgett,HOU,29,9-Jun,240,Kentucky,USA,1999,1,28,66,4.2,2.8,0.8,11.3,5.00%,14.30%,13.40%,54.90%,9.60%
Scott Williams,CLE,37,10-Jun,260,North Carolina,USA,Undrafted,Undrafted,Undrafted,19,1.7,1.6,0.4,-7.7,9.80%,11.70%,14.80%,36.00%,8.40%
Sean Marks,SAS,29,10-Jun,250,California,New Zealand,1998,2,44,23,3.3,2.4,0.3,-6.6,6.60%,14.70%,18.90%,41.20%,6.50%
Sebastian Telfair,POR,20,Jun-00,160,None,,2004,1,13,68,6.8,1.5,3.3,-6.3,0.80%,6.90%,20.80%,47.10%,28.00%
Shandon Anderson,MIA,31,6-Jun,210,Georgia,USA,1996,2,54,66,3.9,2.9,1.1,7.1,3.90%,12.30%,11.60%,51.80%,9.10%
Shane Battier,MEM,26,8-Jun,220,Duke,USA,2001,1,6,80,9.9,5.2,1.6,7.1,6.60%,10.50%,14.50%,55.50%,8.10%
Shaquille O'Neal,MIA,33,1-Jul,325,Louisiana State,USA,1992,1,1,73,22.9,10.4,2.7,10.5,11.20%,19.70%,30.00%,58.30%,14.90%
PLAYER,TEAM,AGE,HEIGHT,WEIGHT,COLLEGE,COUNTRY,DRAFT YEAR,DRAFT ROUND,DRAFT NUMBER,GP,PTS,REB,AST,NETRTG,OREB%,DREB%,USG%,TS%,AST%
Shareef Abdur-Rahim,POR,28,9-Jun,245,California,USA,1996,1,3,54,16.8,7.3,2.1,-5.5,6.90%,14.30%,21.60%,58.10%,10.60%
Shaun Livingston,LAC,19,7-Jun,182,None,USA,2004,1,4,30,7.4,3,5,-0.8,3.00%,8.20%,17.20%,46.10%,28.70%
Shawn Bradley,DAL,33,6-Jul,275,Brigham Young,USA,1993,1,2,77,2.7,2.8,0.2,11.8,8.30%,16.10%,12.20%,49.40%,2.40%
Shawn Marion,PHX,27,7-Jun,228,Nevada-Las Vegas,USA,1999,1,9,81,19.4,11.3,1.9,10,7.60%,19.70%,20.70%,55.60%,7.20%
Slava Medvedenko,LAL,26,10-Jun,250,None,Ukraine,Undrafted,Undrafted,Undrafted,43,3.8,1.8,0.3,-1.8,7.10%,11.10%,18.70%,49.00%,5.20%
Smush Parker,PHX,24,4-Jun,180,Fordham,USA,Undrafted,Undrafted,Undrafted,16,3,0.8,0.9,-25.4,2.90%,6.00%,21.20%,49.30%,25.40%
Speedy Claxton,NOH,27,11-May,170,Hofstra,USA,2000,1,20,62,11.5,3,6,-5.4,1.90%,8.40%,19.60%,49.30%,33.00%
Stacey Augmon,ORL,36,8-Jun,203,Nevada-Las Vegas,USA,1991,1,9,55,3.5,1.8,0.7,-5.1,6.40%,8.00%,14.80%,48.00%,8.40%
Stephen Jackson,IND,27,8-Jun,218,Butler Community College,USA,1997,2,42,51,18.7,4.9,2.3,4.6,2.60%,12.00%,26.90%,51.80%,13.30%
Stephon Marbury,NYK,28,2-Jun,200,Georgia Tech,USA,1996,1,4,82,21.7,3,8.1,-0.6,1.50%,6.40%,24.20%,57.50%,34.40%
Steve Blake,WAS,25,3-Jun,172,Maryland,USA,2003,2,38,44,4.3,1.6,1.6,-8.1,2.60%,8.40%,16.40%,46.80%,18.00%
Steve Francis,ORL,28,3-Jun,200,Maryland,USA,1999,1,2,78,21.3,5.8,7,-0.4,4.40%,10.70%,28.00%,52.10%,31.50%
Steve Nash,PHX,31,3-Jun,195,Santa Clara,Canada,1996,1,15,75,15.5,3.3,11.5,12.8,2.30%,6.90%,20.00%,60.60%,46.00%
Steven Hunter,PHX,23,Jul-00,240,DePaul,USA,2001,1,15,76,4.6,3,0.2,-0.3,8.90%,10.70%,13.30%,59.60%,1.80%
Steven Smith,MIA,36,8-Jun,221,Michigan State,USA,1991,1,5,50,6.3,1.3,1.4,-3.8,1.90%,7.40%,17.90%,55.40%,16.10%
Stromile Swift,MEM,25,9-Jun,230,Louisiana State,USA,2000,1,2,60,10.1,4.6,0.7,1.8,7.70%,14.40%,24.30%,51.70%,6.30%
Tamar Slay,CHA,25,8-Jun,220,Marshall,USA,2002,2,53,8,3.5,1.8,0.4,-16.3,6.10%,14.30%,24.00%,35.10%,6.70%
Tayshaun Prince,DET,25,9-Jun,215,Kentucky,USA,2002,1,23,82,14.7,5.3,3,7.9,4.50%,10.00%,18.40%,55.60%,14.00%
Theo Ratliff,POR,32,10-Jun,235,Wyoming,USA,1995,1,18,63,4.8,5.3,0.5,-2.2,6.80%,12.70%,9.70%,50.00%,3.00%
Theron Smith,CHA,24,8-Jun,225,Ball State,USA,Undrafted,Undrafted,Undrafted,33,3.2,3.5,0.8,-15.5,6.90%,15.90%,14.50%,36.70%,9.40%
Tierre Brown,LAL,26,2-Jun,189,McNeese State,USA,Undrafted,Undrafted,Undrafted,76,4.4,1.2,2,-4.2,2.00%,6.90%,19.20%,43.70%,24.80%
Tim Duncan,SAS,29,11-Jun,260,Wake Forest,US Virgin Isl...,1997,1,1,66,20.3,11.1,2.7,16.5,9.90%,24.40%,28.80%,54.00%,15.10%
Tim Thomas,NYK,28,10-Jun,240,Villanova,USA,1997,1,7,71,12,3.3,1.5,-4.3,2.40%,10.50%,21.00%,53.60%,9.30%
Tom Gugliotta,ATL,35,10-Jun,250,North Carolina State,USA,1992,1,6,47,5.1,4.1,1.4,-12.2,6.00%,15.30%,14.60%,46.00%,11.50%
Toni Kukoc,MIL,36,11-Jun,235,None,Croatia,1990,2,29,53,5.6,3,3,0.1,3.00%,11.80%,14.30%,52.30%,22.80%
Tony Allen,BOS,23,4-Jun,213,Oklahoma State,USA,2004,1,25,77,6.4,2.9,0.8,6.3,7.00%,11.00%,18.00%,54.20%,8.00%
Tony Battie,ORL,29,11-Jun,240,Texas Tech,USA,1997,1,5,81,4.9,5.6,0.5,-2.9,5.80%,17.50%,10.90%,49.80%,3.30%
Tony Bobbitt,LAL,25,4-Jun,190,Cincinnati,USA,Undrafted,Undrafted,Undrafted,2,2.5,1.5,0,4,0.00%,15.00%,18.50%,50.00%,0.00%
Tony Delk,ATL,31,2-Jun,189,Kentucky,USA,1996,1,16,56,11.9,2.3,1.9,-7.5,2.00%,8.40%,22.80%,51.20%,13.80%
Tony Massenburg,SAS,37,9-Jun,250,Maryland,USA,1990,2,43,61,3.2,2.7,0.2,-5.2,8.00%,17.10%,16.30%,46.70%,3.50%
Tony Parker,SAS,23,2-Jun,177,None,France,2001,1,28,80,16.6,3.7,6.1,9.1,1.80%,9.50%,24.60%,52.80%,32.30%
Torraye Braggs,HOU,29,8-Jun,245,Xavier,USA,1998,2,57,7,0.9,1.7,0,-26.8,31.80%,23.80%,17.60%,42.90%,0.00%
Tracy McGrady,HOU,26,8-Jun,210,None,USA,1997,1,9,78,25.7,6.2,5.7,4.8,2.30%,13.10%,30.40%,52.60%,27.60%
Travis Best,NJN,32,11-May,182,Georgia Tech,USA,1995,1,23,76,6.8,1.4,1.9,-6.7,1.30%,6.60%,17.80%,50.80%,18.30%
Travis Outlaw,POR,20,9-Jun,210,None,USA,2003,1,23,59,5.4,2.1,0.6,-6.6,5.50%,9.60%,19.10%,53.20%,7.80%
Tremaine Fowlkes,IND,29,8-Jun,220,Fresno State,USA,1998,2,54,8,2.4,1,0,-7.6,7.00%,10.60%,21.30%,53.10%,0.00%
Trenton Hassell,MIN,26,5-Jun,200,Austin Peay,USA,2001,2,29,82,6.6,2.7,1.6,-0.9,4.00%,6.70%,12.90%,51.50%,9.70%
Trevor Ariza,NYK,20,8-Jun,200,UCLA,USA,2004,2,43,80,5.9,3,1.1,-0.9,6.70%,11.40%,17.30%,50.30%,10.10%
Troy Hudson,MIN,29,1-Jun,170,Southern Illinois,USA,Undrafted,Undrafted,Undrafted,79,8.7,1.3,3.6,0.2,1.20%,4.90%,21.30%,49.10%,26.50%
Troy Murphy,GSW,25,11-Jun,245,Notre Dame,USA,2001,1,14,70,15.4,10.8,1.4,-4.3,9.70%,21.50%,21.70%,49.50%,6.80%
Tyronn Lue,ATL,28,Jun-00,178,Nebraska,USA,1998,1,23,70,11.2,2.1,4.6,-11.1,0.70%,7.30%,18.60%,54.20%,27.50%
Tyson Chandler,CHI,22,1-Jul,235,None,USA,2001,1,2,80,8,9.7,0.8,3.2,11.70%,22.40%,13.60%,56.50%,4.90%
Udonis Haslem,MIA,25,8-Jun,228,Florida,USA,Undrafted,Undrafted,Undrafted,80,10.9,9.1,1.4,8.2,9.80%,18.20%,14.50%,58.80%,6.10%
Viktor Khryapa,POR,22,9-Jun,210,None,Russia,2004,1,22,32,4.2,3.4,0.8,-11.2,5.30%,14.70%,14.70%,47.40%,8.00%
Vin Baker,HOU,33,11-Jun,240,Hartford,USA,1993,1,8,27,1.3,1.4,0.4,-18.3,8.20%,11.40%,13.80%,35.40%,7.90%
Vince Carter,NJN,28,6-Jun,220,North Carolina,USA,1998,1,5,77,24.5,5.2,4.2,1,3.70%,11.00%,30.40%,54.10%,23.40%
Vitaly Potapenko,SEA,30,10-Jun,285,Wright State,Ukraine,1996,1,12,33,3.5,2.4,0.3,-3.1,9.30%,16.40%,15.40%,58.10%,4.50%
Vlade Divac,LAL,37,1-Jul,260,None,Serbia and Mo...,1989,1,26,15,2.3,2.1,1.3,-9.4,12.30%,11.30%,15.80%,46.90%,24.70%
Vladimir Radmanovic,SEA,24,10-Jun,234,None,Serbia,2001,1,12,63,11.8,4.6,1.4,7.9,3.00%,13.30%,18.70%,53.40%,7.60%
Voshon Lenard,DEN,32,4-Jun,205,Minnesota,USA,1994,2,46,3,9.7,2,2,3.3,0.00%,12.80%,22.10%,49.10%,15.00%
PLAYER,TEAM,AGE,HEIGHT,WEIGHT,COLLEGE,COUNTRY,DRAFT YEAR,DRAFT ROUND,DRAFT NUMBER,GP,PTS,REB,AST,NETRTG,OREB%,DREB%,USG%,TS%,AST%
Wally Szczerbiak,MIN,28,7-Jun,244,Miami (OH),USA,1999,1,6,81,15.5,3.7,2.4,2.2,3.40%,8.40%,20.80%,59.50%,12.50%
Walter McCarty,PHX,31,10-Jun,230,Kentucky,USA,1996,1,19,72,3.6,1.9,0.5,-1.6,3.30%,12.10%,13.70%,52.50%,6.70%
Wang Zhi-zhi,MIA,27,1-Jul,284,None,China,1999,2,36,20,2.2,0.9,0.3,-10.7,6.70%,11.80%,22.00%,52.10%,10.00%
Wesley Person,DEN,34,6-Jun,200,Auburn,USA,1994,1,23,41,6.4,2,1,-1,0.40%,11.70%,16.10%,57.00%,9.40%
Willie Green,PHI,23,2-Jun,201,Detroit Mercy,USA,2003,2,41,57,7.7,2.3,1.8,-5.2,2.00%,10.60%,22.40%,45.70%,17.20%
Yao Ming,HOU,24,6-Jul,310,None,China,2002,1,1,80,18.3,8.4,0.8,3,9.10%,19.30%,26.00%,61.40%,4.80%
Yuta Tabuse,PHX,24,9-May,165,Brigham Young-Hawaii,USA,Undrafted,Undrafted,Undrafted,4,1.8,1,0.8,-6.9,8.70%,10.00%,17.60%,45.10%,25.00%
Zach Randolph,POR,23,9-Jun,253,Michigan State,USA,2001,1,19,46,18.9,9.6,1.9,-2.9,8.90%,18.70%,27.20%,51.10%,10.70%
Zarko Cabarkapa,GSW,24,11-Jun,225,None,Serbia and Mo...,2003,1,17,40,6,2.6,0.6,4.7,7.00%,14.30%,21.30%,57.90%,9.30%
Zaza Pachulia,MIL,21,11-Jun,265,None,Georgia,2003,2,42,74,6.2,5.1,0.8,0,10.10%,18.90%,16.50%,52.60%,7.10%
Zeljko Rebraca,LAC,33,Jul-00,265,None,Yugoslavia,1994,2,54,58,5.8,3.2,0.4,0.7,5.80%,14.30%,15.90%,62.50%,4.90%
Zendon Hamilton,MIL,30,11-Jun,254,St. John's (NY),USA,Undrafted,Undrafted,Undrafted,16,3.2,2.6,0.4,-11.7,11.90%,16.80%,18.60%,48.00%,6.30%
Zoran Planinic,NJN,22,7-Jun,200,None,Croatia,2003,1,22,43,5,1.6,1,-4.4,3.80%,10.20%,21.70%,53.40%,18.50%
Zydrunas Ilgauskas,CLE,30,3-Jul,260,None,Lithuania,1996,1,20,78,16.9,8.6,1.3,3.5,11.80%,14.90%,24.10%,55.00%,6.50%